Model,Lang Config,Accuracy,Precision,Recall,F1-Score,Color
roberta-base,EN,0.8475,0.8473032695443233,0.8475,0.8448341691948899,#1f77b4
bert-base-uncased,EN,0.8425,0.8466484170743703,0.8425,0.8436686107156681,#1f77b4
bert-base-spanish-wwm-cased,ES,0.8428246013667426,0.8443767409454046,0.8428246013667426,0.8423220998963832,#ff7f0e
bert-base-multilingual-cased,MULTI,0.8188319427890346,0.8182984038348953,0.8188319427890346,0.8182612481902973,#2ca02c
distilbert-base-multilingual-cased,MULTI,0.8069129916567342,0.8063275379224736,0.8069129916567342,0.8059434206828917,#2ca02c
